[{
    "Name":"Om",
    "Domain":"java",
    "Experience":"10",
    "Fees":"5000",
    "TrainingsDelivered":"45",
    "Action":"Propose Training"
},
{
    "Name":"Isha",
    "Domain":"java",
    "Experience":"10",
    "Fees":"5000",
    "TrainingsDelivered":"45",
    "Action":"Propose Training"
},
{
    "Name":"Priya",
    "Domain":"dotnet",
    "Experience":"10",
    "Fees":"5000",
    "TrainingsDelivered":"45",
    "Action":"Propose Training"
},
{
    "Name":"Andal",
    "Domain":"python",
    "Experience":"10",
    "Fees":"5000",
    "TrainingsDelivered":"45",
    "Action":"Propose Training"
},
{
    "Name":"Om",
    "Domain":"java",
    "Experience":"10",
    "Fees":"5000",
    "TrainingsDelivered":"45",
    "Action":"Propose Training"
},
{
    "Name":"Om",
    "Domain":"java",
    "Experience":"10",
    "Fees":"5000",
    "TrainingsDelivered":"45",
    "Action":"Propose Training"
}]